{
  "project_info": {
    "project_number": "202876089882",
    "project_id": "eldercarekotlin",
    "storage_bucket": "eldercarekotlin.appspot.com"
  },
  "client": [
    {
      "client_info": {
        "mobilesdk_app_id": "1:202876089882:android:3f1c201782285ffaabc3a3",
        "android_client_info": {
          "package_name": "com.example.myapplication"
        }
      },
      "oauth_client": [],
      "api_key": [
        {
          "current_key": "AIzaSyB1ZfXz5E411-kzIE12C7XqS6Mkn2H0zFM"
        }
      ],
      "services": {
        "appinvite_service": {
          "other_platform_oauth_client": []
        }
      }
    }
  ],
  "configuration_version": "1"
}